,train,valid,test
Accuracy,0.99314284324646,0.9973333477973938,0.981333315372467
Precision,0.99314284324646,0.9973333477973938,0.981333315372467
Recall,0.99314284324646,0.9973333477973938,0.981333315372467
