,train,valid,test
Accuracy,0.998285710811615,1.0,1.0
Precision,0.998285710811615,1.0,1.0
Recall,0.998285710811615,1.0,1.0
