,train,valid,test
Accuracy,1.0,0.9546666741371155,0.9413333535194397
Precision,1.0,0.9546666741371155,0.9413333535194397
Recall,1.0,0.9546666741371155,0.9413333535194397
