,train,valid,test
Accuracy,1.0,0.871999979019165,0.8933333158493042
Precision,1.0,0.871999979019165,0.8933333158493042
Recall,1.0,0.871999979019165,0.8933333158493042
